"show_id","type","title","country","release_year","duration"
"s1","Movie","Dick Johnson Is Dead","United States",2020,"90 min"
"s2","TV Show","Blood & Water","South Africa",2021,"2 Seasons"
"s3","TV Show","Ganglands","",2021,"1 Season"
"s4","TV Show","Jailbirds New Orleans","",2021,"1 Season"
"s5","TV Show","Kota Factory","India",2021,"2 Seasons"
"s6","TV Show","Midnight Mass","",2021,"1 Season"
"s7","Movie","My Little Pony: A New Generation","",2021,"91 min"
"s8","Movie","Sankofa","United States, Ghana, Burkina Faso, United Kingdom, Germany, Ethiopia",1993,"125 min"
"s9","TV Show","The Great British Baking Show","United Kingdom",2021,"9 Seasons"
"s10","Movie","The Starling","United States",2021,"104 min"
"s11","TV Show","Vendetta: Truth, Lies and The Mafia","",2021,"1 Season"
"s12","TV Show","Bangkok Breaking","",2021,"1 Season"
"s13","Movie","Je Suis Karl","Germany, Czech Republic",2021,"127 min"
"s14","Movie","Confessions of an Invisible Girl","",2021,"91 min"
"s15","TV Show","Crime Stories: India Detectives","",2021,"1 Season"
"s16","TV Show","Dear White People","United States",2021,"4 Seasons"
"s17","Movie","Europe's Most Dangerous Man: Otto Skorzeny in Spain","",2020,"67 min"
"s18","TV Show","Falsa identidad","Mexico",2020,"2 Seasons"
"s19","Movie","Intrusion","",2021,"94 min"
"s20","TV Show","Jaguar","",2021,"1 Season"
"s21","TV Show","Monsters Inside: The 24 Faces of Billy Milligan","",2021,"1 Season"
"s22","TV Show","Resurrection: Ertugrul","Turkey",2018,"5 Seasons"
"s23","Movie","Avvai Shanmughi","",1996,"161 min"
"s24","Movie","Go! Go! Cory Carson: Chrissy Takes the Wheel","",2021,"61 min"
"s25","Movie","Jeans","India",1998,"166 min"
"s26","TV Show","Love on the Spectrum","Australia",2021,"2 Seasons"
"s27","Movie","Minsara Kanavu","",1997,"147 min"
"s28","Movie","Grown Ups","United States",2010,"103 min"
"s29","Movie","Dark Skies","United States",2013,"97 min"
"s30","Movie","Paranoia","United States, India, France",2013,"106 min"
"s31","Movie","Ankahi Kahaniya","",2021,"111 min"
"s32","TV Show","Chicago Party Aunt","",2021,"1 Season"
"s33","TV Show","Sex Education","United Kingdom",2020,"3 Seasons"
"s34","TV Show","Squid Game","",2021,"1 Season"
"s35","TV Show","Tayo and Little Wizards","",2020,"1 Season"
"s36","Movie","The Father Who Moves Mountains","",2021,"110 min"
"s37","Movie","The Stronghold","",2021,"105 min"
"s38","TV Show","Angry Birds","Finland",2018,"1 Season"
"s39","Movie","Birth of the Dragon","China, Canada, United States",2017,"96 min"
"s40","TV Show","Chhota Bheem","India",2021,"3 Seasons"
"s41","TV Show","He-Man and the Masters of the Universe","United States",2021,"1 Season"
"s42","Movie","Jaws","United States",1975,"124 min"
"s43","Movie","Jaws 2","United States",1978,"116 min"
"s44","Movie","Jaws 3","United States",1983,"98 min"
"s45","Movie","Jaws: The Revenge","United States",1987,"91 min"
"s46","Movie","My Heroes Were Cowboys","",2021,"23 min"
"s47","Movie","Safe House","South Africa, United States, Japan",2012,"115 min"
"s48","TV Show","The Smart Money Woman","",2020,"1 Season"
"s49","Movie","Training Day","United States",2001,"122 min"
"s50","TV Show","Castle and Castle","Nigeria",2021,"2 Seasons"
"s51","TV Show","Dharmakshetra","India",2014,"1 Season"
"s52","Movie","InuYasha the Movie 2: The Castle Beyond the Looking Glass","Japan",2002,"99 min"
"s53","Movie","InuYasha the Movie 3: Swords of an Honorable Ruler","Japan",2003,"99 min"
"s54","Movie","InuYasha the Movie 4: Fire on the Mystic Island","Japan",2004,"88 min"
"s55","Movie","InuYasha the Movie: Affections Touching Across Time","Japan",2001,"100 min"
"s56","TV Show","Nailed It","United States",2021,"6 Seasons"
"s57","Movie","Naruto Shippuden the Movie: Blood Prison","Japan",2011,"102 min"
"s58","Movie","Naruto Shippûden the Movie: Bonds","Japan",2008,"93 min"
"s59","Movie","Naruto Shippûden the Movie: The Will of Fire","Japan",2009,"96 min"
"s60","Movie","Naruto Shippuden: The Movie","Japan",2007,"95 min"
"s61","Movie","Naruto Shippuden: The Movie: The Lost Tower","Japan",2010,"85 min"
"s62","Movie","Naruto the Movie 2: Legend of the Stone of Gelel","Japan",2005,"97 min"
"s63","Movie","Naruto the Movie 3: Guardians of the Crescent Moon Kingdom","Japan",2006,"95 min"
"s64","Movie","Naruto the Movie: Ninja Clash in the Land of Snow","Japan",2004,"83 min"
"s65","Movie","Nightbooks","",2021,"103 min"
"s66","TV Show","Numberblocks","United Kingdom",2021,"6 Seasons"
"s67","TV Show","Raja Rasoi Aur Anya Kahaniyan","India",2014,"1 Season"
"s68","TV Show","Saved by the Bell","United States",1994,"9 Seasons"
"s69","Movie","Schumacher","",2021,"113 min"
"s70","TV Show","Stories by Rabindranath Tagore","India",2015,"1 Season"
"s71","TV Show","Too Hot To Handle: Latino","",2021,"1 Season"
"s72","Movie","A StoryBots Space Adventure","",2021,"13 min"
"s73","TV Show","Jack Whitehall: Travels with My Father","United Kingdom",2021,"5 Seasons"
"s74","Movie","King of Boys","Nigeria",2018,"182 min"
"s75","TV Show","The World's Most Amazing Vacation Rentals","",2021,"2 Seasons"
"s76","Movie","You vs. Wild: Out Cold","",2021,"106 min"
"s77","TV Show","Yowamushi Pedal","Japan",2013,"1 Season"
"s78","Movie","Little Singham - Black Shadow","",2021,"48 min"
"s79","Movie","Tughlaq Durbar","",2020,"145 min"
"s80","Movie","Tughlaq Durbar (Telugu)","",2021,"145 min"
"s81","Movie","Firedrake the Silver Dragon","",2021,"93 min"
"s82","Movie","Kate","United States",2021,"106 min"
"s83","TV Show","Lucifer","United States",2021,"6 Seasons"
"s84","TV Show","Metal Shop Masters","",2021,"1 Season"
"s85","Movie","Omo Ghetto: the Saga","Nigeria",2020,"147 min"
"s86","TV Show","Pokémon Master Journeys: The Series","",2021,"1 Season"
"s87","Movie","Prey","",2021,"87 min"
"s88","TV Show","Titipo Titipo","",2019,"2 Seasons"
"s89","Movie","Blood Brothers: Malcolm X & Muhammad Ali","",2021,"96 min"
"s90","TV Show","Mighty Raju","",2017,"4 Seasons"
"s91","Movie","Paradise Hills","Spain, United States",2019,"95 min"
"s92","Movie","The Women and the Murderer","France",2021,"92 min"
"s93","TV Show","Into the Night","Belgium",2021,"2 Seasons"
"s94","Movie","JJ+E","",2021,"91 min"
"s95","Movie","Show Dogs","United Kingdom, United States",2018,"90 min"
"s96","TV Show","The Circle","United States, United Kingdom",2021,"3 Seasons"
"s97","Movie","If I Leave Here Tomorrow: A Film About Lynyrd Skynyrd","United States",2018,"97 min"
"s98","TV Show","Kid Cosmic","United States",2021,"2 Seasons"
"s99","TV Show","Octonauts: Above & Beyond","United Kingdom",2021,"1 Season"
"s100","TV Show","On the Verge","France, United States",2021,"1 Season"
"s101","TV Show","Tobot Galaxy Detectives","",2019,"2 Seasons"
"s102","Movie","Untold: Breaking Point","United States",2021,"80 min"
"s103","TV Show","Countdown: Inspiration4 Mission to Space","",2021,"1 Season"
"s104","Movie","Shadow Parties","",2020,"117 min"
"s105","TV Show","Tayo the Little Bus","South Korea",2016,"2 Seasons"
"s106","Movie","Angamaly Diaries","India",2017,"128 min"
"s107","TV Show","Bunk'd","United States",2021,"5 Seasons"
"s108","Movie","A Champion Heart","United States",2018,"90 min"
"s109","TV Show","Dive Club","Australia",2021,"1 Season"
"s110","TV Show","La casa de papel","Spain",2021,"5 Seasons"
"s111","TV Show","Money Heist: From Tokyo to Berlin","",2021,"1 Season"
"s112","TV Show","Sharkdog","United States, Singapore",2021,"1 Season"
"s113","Movie","Worth","",2021,"119 min"
"s114","Movie","Afterlife of the Party","",2021,"110 min"
"s115","Movie","Anjaam","India",1994,"143 min"
"s116","Movie","Bright Star","United Kingdom, Australia, France",2009,"119 min"
"s117","Movie","Dhanak","India",2015,"114 min"
"s118","Movie","Final Account","United Kingdom, United States",2021,"94 min"
"s119","Movie","Gurgaon","India",2017,"106 min"
"s120","Movie","Here and There","",2020,"99 min"
"s121","TV Show","Heroes of Goo Jit Zu","Australia",2021,"1 Season"
"s122","TV Show","Hotel Del Luna","",2019,"1 Season"
"s123","Movie","In the Cut","United Kingdom, Australia, France, United States",2003,"118 min"
"s124","TV Show","Luv Kushh","",2012,"1 Season"
"s125","TV Show","Pororo - The Little Penguin","South Korea",2013,"3 Seasons"
"s126","TV Show","Q-Force","United States",2021,"1 Season"
"s127","Movie","Shikara","India",2020,"115 min"
"s128","Movie","A Cinderella Story","United States, Canada",2004,"95 min"
"s129","Movie","Agatha Christie's Crooked House","",2017,"115 min"
"s130","Movie","An Unfinished Life","Germany, United States",2005,"108 min"
"s131","Movie","Barbie Big City Big Dreams","",2021,"63 min"
"s132","Movie","Blade Runner: The Final Cut","United States",1982,"117 min"
"s133","TV Show","Brave Animated Series","",2021,"1 Season"
"s134","Movie","Chappie","South Africa, United States",2015,"121 min"
"s135","Movie","Clear and Present Danger","United States, Mexico",1994,"142 min"
"s136","Movie","Cliffhanger","United States, Italy, France, Japan",1993,"113 min"
"s137","Movie","Cold Mountain","United States, Italy, Romania, United Kingdom",2003,"154 min"
"s138","Movie","Crocodile Dundee in Los Angeles","Australia, United States",2001,"95 min"
"s139","Movie","Dear John","United States",2010,"108 min"
"s140","Movie","Do the Right Thing","United States",1989,"120 min"
"s141","Movie","El patrón, radiografía de un crimen","Argentina, Venezuela",2014,"100 min"
"s142","Movie","Extraction","United States, United Kingdom, Canada",2015,"82 min"
"s143","Movie","Freedom Writers","Germany, United States",2007,"124 min"
"s144","Movie","Green Lantern","United States",2011,"114 min"
"s145","Movie","House Party","United States",1990,"104 min"
"s146","Movie","House Party 2","United States",1991,"94 min"
"s147","Movie","House Party 3","United States",1994,"94 min"
"s148","TV Show","How to Be a Cowboy","",2021,"1 Season"
"s149","TV Show","HQ Barbers","",2020,"1 Season"
"s150","Movie","I Got the Hook Up","United States",1998,"93 min"
"s151","Movie","In Too Deep","United States",1999,"97 min"
"s152","Movie","Initial D","China, Hong Kong",2005,"109 min"
"s153","Movie","Janoskians: Untold and Untrue","United States",2016,"88 min"
"s154","TV Show","Kid-E-Cats","Russia",2016,"2 Seasons"
"s155","TV Show","Kuroko's Basketball","Japan",2015,"3 Seasons"
"s156","Movie","Labyrinth","United Kingdom, United States",1986,"101 min"
"s157","Movie","Letters to Juliet","United States",2010,"105 min"
"s158","Movie","Level 16","Canada",2018,"102 min"
"s159","Movie","Love Don't Cost a Thing","United States",2003,"101 min"
"s160","Movie","Love in a Puff","Hong Kong",2010,"103 min"
"s161","TV Show","Major Dad","United States",1992,"4 Seasons"
"s162","Movie","Mars Attacks!","United States",1996,"106 min"
"s163","Movie","Marshall","United States, China, Hong Kong",2017,"118 min"
"s164","Movie","My Boss's Daughter","United States",2003,"86 min"
"s165","Movie","Mystery Men","United States",1999,"121 min"
"s166","TV Show","Oldsters","",2019,"1 Season"
"s167","Movie","Once Upon a Time in America","Italy, United States",1984,"229 min"
"s168","Movie","Open Season 2","United States, Canada",2008,"76 min"
"s169","Movie","Osmosis Jones","United States",2001,"95 min"
"s170","Movie","Poseidon","United States",2006,"98 min"
"s171","Movie","Rhyme & Reason","United States",1997,"89 min"
"s172","Movie","Same Kind of Different as Me","United States",2017,"120 min"
"s173","Movie","School of Rock","United States, Germany",2003,"110 min"
"s174","Movie","Snervous Tyler Oakley","United States",2015,"83 min"
"s175","Movie","Tears of the Sun","United States",2003,"121 min"
"s176","Movie","The Blue Lagoon","United States",1980,"105 min"
"s177","Movie","The Golden Child","United States",1986,"94 min"
"s178","Movie","The Guns of Navarone","United Kingdom, United States",1961,"156 min"
"s179","Movie","The Interview","United States",2014,"112 min"
"s180","Movie","The Nutty Professor","United States",1996,"95 min"
"s181","Movie","The Nutty Professor II: The Klumps","",2000,"107 min"
"s182","TV Show","Turning Point: 9/11 and the War on Terror","",2021,"1 Season"
"s183","Movie","Welcome Home Roscoe Jenkins","United States",2008,"114 min"
"s184","Movie","In the Line of Fire","United States",1993,"129 min"
"s185","TV Show","Sparking Joy","United States",2021,"1 Season"
"s186","Movie","Untold: Crime & Penalties","",2021,"86 min"
"s187","TV Show","Hometown Cha-Cha-Cha","",2021,"1 Season"
"s188","TV Show","The Ingenuity of the Househusband","",2021,"1 Season"
"s189","Movie","2 Alone in Paris","France",2008,"97 min"
"s190","TV Show","Bread Barbershop","",2020,"2 Seasons"
"s191","Movie","Thimmarusu","India",2021,"125 min"
"s192","Movie","Wind River","United Kingdom, Canada, United States",2017,"107 min"
"s193","Movie","C Kkompany","India",2008,"127 min"
"s194","TV Show","D.P.",", South Korea",2021,"1 Season"
"s195","TV Show","Deadly Sins","",2002,"1 Season"
"s196","Movie","EMI: Liya Hai To Chukana Padega","India",2008,"128 min"
"s197","Movie","He's All That","",2021,"92 min"
"s198","TV Show","I Heart Arlo","",2021,"1 Season"
"s199","TV Show","King of Boys: The Return of the King","Nigeria",2021,"1 Season"
"s200","Movie","Koi Aap Sa","India",2006,"135 min"
"s201","Movie","Krishna Cottage","India",2004,"124 min"
"s202","Movie","Kucch To Hai","India",2003,"136 min"
"s203","Movie","Kyaa Kool Hai Hum","India",2005,"165 min"
"s204","Movie","Kyaa Kool Hain Hum 3","India",2016,"124 min"
"s205","Movie","Kyaa Super Kool Hain Hum","India",2012,"136 min"
"s206","Movie","Kyo Kii... Main Jhuth Nahin Bolta","India",2001,"150 min"
"s207","Movie","LSD: Love, Sex Aur Dhokha","India",2010,"112 min"
"s208","Movie","Mission Istaanbul: Darr Ke Aagey Jeet Hai","India",2008,"119 min"
"s209","Movie","Once Upon a Time in Mumbaai","India",2010,"133 min"
"s210","Movie","Once Upon a Time in Mumbai Dobaara!","India",2013,"142 min"
"s211","Movie","Ragini MMS","India",2011,"93 min"
"s212","Movie","Ragini MMS 2","India",2014,"113 min"
"s213","TV Show","Rebellion","Ireland",2016,"2 Seasons"
"s214","TV Show","RIDE ON TIME","",2021,"3 Seasons"
"s215","Movie","SAS: Rise of the Black Swan","",2021,"124 min"
"s216","Movie","Shootout at Lokhandwala","India",2007,"116 min"
"s217","Movie","Shor In the City","India",2011,"106 min"
"s218","Movie","The Dirty Picture","India",2011,"145 min"
"s219","TV Show","Titletown High","",2021,"1 Season"
"s220","TV Show","EDENS ZERO","Japan",2021,"1 Season"
"s221","TV Show","Family Reunion","United States",2021,"4 Seasons"
"s222","Movie","Bob Ross: Happy Accidents, Betrayal & Greed","",2021,"93 min"
"s223","TV Show","Clickbait","",2021,"1 Season"
"s224","TV Show","John of God: The Crimes of a Spiritual Healer","",2021,"1 Season"
"s225","TV Show","Motel Makeover","",2021,"1 Season"
"s226","TV Show","Open Your Eyes","",2021,"1 Season"
"s227","TV Show","Post Mortem: No One Dies in Skarnes","",2021,"1 Season"
"s228","Movie","Really Love","United States",2020,"95 min"
"s229","Movie","The November Man","United States, United Kingdom",2014,"108 min"
"s230","Movie","The Old Ways","United States",2020,"90 min"
"s231","Movie","The River Runner","",2021,"86 min"
"s232","Movie","The Water Man","United States",2021,"92 min"
"s233","TV Show","Wheel of Fortune","United States",2019,"3 Seasons"
"s234","Movie","Count Me In","United Kingdom",2021,"82 min"
"s235","TV Show","Oggy Oggy","",2021,"1 Season"
"s236","Movie","Untold: Caitlyn Jenner","",2021,"70 min"
"s237","Movie","Boomika","",2021,"122 min"
"s238","Movie","Boomika (Hindi)","",2021,"122 min"
"s239","Movie","Boomika (Malayalam)","",2021,"122 min"
"s240","Movie","Boomika (Telugu)","",2021,"122 min"
"s241","Movie","The Witcher: Nightmare of the Wolf","",2021,"84 min"
"s242","TV Show","Manifest","United States",2021,"3 Seasons"
"s243","TV Show","Comedy Premium League","",2021,"1 Season"
"s244","TV Show","Everything Will Be Fine","",2021,"1 Season"
"s245","Movie","Gunshot","",2018,"96 min"
"s246","TV Show","Korean Cold Noodle Rhapsody","",2021,"1 Season"
"s247","Movie","Man in Love","",2021,"115 min"
"s248","Movie","Sweet Girl","United States",2021,"110 min"
"s249","TV Show","The Chair","",2021,"1 Season"
"s250","Movie","The Loud House Movie","",2021,"88 min"
"s251","Movie","A Faraway Land","",2020,"102 min"
"s252","Movie","Like Crazy","United States",2011,"91 min"
"s253","Movie","Black Island","",2021,"105 min"
"s254","Movie","Bombay","India",1995,"135 min"
"s255","TV Show","Go! Go! Cory Carson","United States",2021,"5 Seasons"
"s256","Movie","Memories of a Murderer: The Nilsen Tapes","",2021,"86 min"
"s257","Movie","Nneka The Pretty Serpent","",2020,"140 min"
"s258","Movie","O Kadhal Kanmani","",2015,"133 min"
"s259","Movie","Out of my league","",2020,"92 min"
"s260","Movie","Pahuna","India, Nepal",2018,"82 min"
"s261","TV Show","The Defeated","",2020,"1 Season"
"s262","Movie","The Secret Diary of an Exchange Student","",2021,"97 min"
"s263","Movie","Untold: Deal With the Devil","",2021,"78 min"
"s264","TV Show","Mother Goose Club","United States",2016,"2 Seasons"
"s265","Movie","Walk of Shame","United States",2014,"94 min"
"s266","TV Show","Rascal Does Not Dream of Bunny Girl Senpai","Japan",2018,"1 Season"
"s267","TV Show","The Creative Indians","India",2020,"1 Season"
"s268","Movie","The Piano","New Zealand, Australia, France, United States",1993,"121 min"
"s269","Movie","Unroyal","",2020,"97 min"
"s270","TV Show","Winx Club","Italy",2015,"2 Seasons"
"s271","Movie","Beckett","Italy, Brazil, Greece",2021,"110 min"
"s272","TV Show","Brand New Cherry Flavor","United States",2021,"1 Season"
"s273","TV Show","Fast & Furious Spy Racers","United States",2021,"5 Seasons"
"s274","TV Show","Gone for Good","France",2021,"1 Season"
"s275","TV Show","Grace and Frankie","United States",2021,"7 Seasons"
"s276","TV Show","The Kingdom","Argentina",2021,"1 Season"
"s277","TV Show","Valeria","Spain",2021,"2 Seasons"
"s278","TV Show","AlRawabi School for Girls","Jordan",2021,"1 Season"
"s279","Movie","Lokillo: Nothing's the Same","Colombia",2021,"64 min"
"s280","Movie","Monster Hunter: Legends of the Guild","United States, Japan",2021,"59 min"
"s281","TV Show","Bake Squad","United States",2021,"1 Season"
"s282","Movie","Brother Jekwu","Nigeria",2016,"101 min"
"s283","Movie","La diosa del asfalto","Mexico",2020,"127 min"
"s284","Movie","Misha and the Wolves","Belgium, United Kingdom",2021,"90 min"
"s285","Movie","The Kissing Booth 3","United Kingdom, United States",2021,"114 min"
"s286","Movie","The Railway Man","Switzerland, United Kingdom, Australia",2013,"108 min"
"s287","TV Show","Gabby's Dollhouse","United States",2021,"2 Seasons"
"s288","TV Show","I Need Romance","",2021,"1 Season"
"s289","TV Show","Las muñecas de la mafia","Colombia",2018,"1 Season"
"s290","TV Show","The Crowned Clown","South Korea",2019,"1 Season"
"s291","Movie","Untold: Malice at the Palace","United States",2021,"70 min"
"s292","TV Show","SHAMAN KING","Japan",2021,"1 Season"
"s293","Movie","Quartet","United Kingdom",2012,"98 min"
"s294","Movie","Slay","South Africa",2021,"86 min"
"s295","Movie","Takizawa Kabuki ZERO 2020 The Movie","",2020,"139 min"
"s296","Movie","The Paper Tigers","United States",2021,"111 min"
"s297","TV Show","Hit & Run","Israel, United States",2021,"1 Season"
"s298","TV Show","Navarasa","India",2021,"1 Season"
"s299","Movie","Quam's Money","Nigeria",2020,"115 min"
"s300","Movie","The Swarm","France",2021,"102 min"
"s301","Movie","Vivo","Canada, United States",2021,"100 min"
"s302","Movie","Chennai Express","India",2013,"135 min"
"s303","Movie","City of God: 10 Years Later","Brazil",2013,"69 min"
"s304","Movie","Esperando la carroza","Argentina",1985,"95 min"
"s305","Movie","Lady Boss: The Jackie Collins Story","United Kingdom",2021,"97 min"
"s306","Movie","Tango Feroz","Argentina, Spain",1993,"124 min"
"s307","Movie","'76","Nigeria",2016,"118 min"
"s308","Movie","Aftermath","United States",2021,"115 min"
"s309","Movie","American Masters: Inventing David Geffen","United States",2012,"115 min"
"s310","TV Show","Car Masters: Rust to Riches","",2021,"3 Seasons"
"s311","TV Show","Cocaine Cowboys: The Kings of Miami","United States",2021,"1 Season"
"s312","TV Show","Control Z","Mexico",2021,"2 Seasons"
"s313","TV Show","Cooking With Paris","United States",2021,"1 Season"
"s314","TV Show","Autumn's Concerto","Taiwan",2009,"1 Season"
"s315","Movie","Heavy","United States",1995,"104 min"
"s316","Movie","Ije: The Journey","United States, Nigeria",2010,"106 min"
"s317","TV Show","Office Girls","Taiwan",2011,"1 Season"
"s318","Movie","Pray Away","United States",2021,"102 min"
"s319","Movie","Shiny_Flakes: The Teenage Drug Lord","",2021,"97 min"
"s320","TV Show","The Prince Who Turns into a Frog","Taiwan",2005,"1 Season"
"s321","TV Show","Top Secret UFO Projects: Declassified","",2021,"1 Season"
"s322","TV Show","Two Fathers","Taiwan",2013,"1 Season"
"s323","TV Show","You're My Destiny","Taiwan",2008,"1 Season"
"s324","TV Show","30 Rock","United States",2012,"7 Seasons"
"s325","TV Show","44 Cats","Italy",2020,"3 Seasons"
"s326","Movie","Beethoven","United States",1992,"87 min"
"s327","Movie","Beethoven's 2nd","United States",1993,"88 min"
"s328","Movie","Beowulf","United States, United Kingdom",2007,"114 min"
"s329","Movie","Boyka: Undisputed","Bulgaria, United States",2016,"90 min"
"s330","Movie","Catch Me If You Can","United States, Canada",2002,"142 min"
"s331","Movie","Cloudy with a Chance of Meatballs","United States, Canada",2009,"90 min"
"s332","TV Show","Darwin’s Game","",2020,"1 Season"
"s333","Movie","Deep Blue Sea","United States, Mexico",1999,"105 min"
"s334","Movie","Ferris Bueller's Day Off","United States",1986,"103 min"
"s335","Movie","Five Feet Apart","United States",2019,"116 min"
"s336","Movie","Freedomland","United States",2006,"113 min"
"s337","TV Show","Friday Night Lights","",2010,"5 Seasons"
"s338","Movie","Good Luck Chuck","United States, Canada",2007,"99 min"
"s339","TV Show","Hunter X Hunter (2011)","Japan",2014,"6 Seasons"
"s340","Movie","I missed you: Director's Cut","",2021,"96 min"
"s341","Movie","Inception","United States, United Kingdom",2010,"148 min"
"s342","Movie","Magnolia","United States",1999,"189 min"
"s343","Movie","Major Payne","United States",1995,"97 min"
"s344","Movie","My Girl","United States",1991,"102 min"
"s345","Movie","My Girl 2","United States",1994,"99 min"
"s346","Movie","Open Season: Scared Silly","United States, Canada",2015,"85 min"
"s347","Movie","Pineapple Express","United States",2008,"112 min"
"s348","Movie","Planet 51","Spain, United Kingdom, United States",2009,"91 min"
"s349","Movie","Poms","United Kingdom, United States",2019,"91 min"
"s350","Movie","Seabiscuit","United States",2003,"141 min"
"s351","Movie","Space Cowboys","United States",2000,"130 min"
"s352","Movie","Team America: World Police","United States, Germany",2004,"98 min"
"s353","Movie","The Edge of Seventeen","United States, China",2016,"105 min"
"s354","Movie","The Haunting in Connecticut 2: Ghosts of Georgia","United States",2013,"101 min"
"s355","Movie","The Last Boy Scout","United States",1991,"105 min"
"s356","Movie","The Lincoln Lawyer","United States",2011,"118 min"
"s357","Movie","The Losers","United States, France",2010,"97 min"
"s358","Movie","The Machinist","Spain, France, United Kingdom, United States",2004,"102 min"
"s359","Movie","The Net","United States",1995,"114 min"
"s360","Movie","The Original Kings of Comedy","United States",2000,"111 min"
"s361","Movie","Valentine's Day","United States",2010,"125 min"
"s362","TV Show","Charmed","United States",2021,"3 Seasons"
"s363","Movie","The Lost Café","",2018,"76 min"
"s364","Movie","The Vault","",2021,"118 min"
"s365","TV Show","Centaurworld","",2021,"1 Season"
"s366","Movie","Eyes of a Thief",", France, Algeria",2014,"103 min"
"s367","TV Show","Glow Up","United Kingdom",2021,"3 Seasons"
"s368","Movie","I'm Glad I Did","",2020,"114 min"
"s369","TV Show","Khawatir","",2009,"1 Season"
"s370","TV Show","Myth & Mogul: John DeLorean","",2021,"1 Season"
"s371","TV Show","Outer Banks","United States",2021,"2 Seasons"
"s372","Movie","Pomegranates and Myrrh","",2009,"95 min"
"s373","Movie","Rurouni Kenshin: The Beginning","",2021,"138 min"
"s374","Movie","The Last Mercenary","",2021,"112 min"
"s375","Movie","Flower Girl","Nigeria",2013,"94 min"
"s376","Movie","Resort to Love","",2021,"102 min"
"s377","TV Show","Transformers: War for Cybertron: Kingdom","",2021,"1 Season"
"s378","Movie","Bartkowiak","Poland",2021,"92 min"
"s379","Movie","Fantastic Fungi","United States",2019,"81 min"
"s380","TV Show","Tattoo Redo","",2021,"1 Season"
"s381","TV Show","The Flash","United States",2021,"7 Seasons"
"s382","TV Show","The Snitch Cartel: Origins","",2021,"1 Season"
"s383","TV Show","All American","United States",2021,"3 Seasons"
"s384","Movie","Department","India",2012,"143 min"
"s385","Movie","Hostage House","",2021,"86 min"
"s386","TV Show","How to Sell Drugs Online (Fast)","Germany",2021,"3 Seasons"
"s387","TV Show","Mighty Express","United States, Canada",2021,"4 Seasons"
"s388","Movie","Mimi","",2021,"132 min"
"s389","TV Show","Plastic Cup Boyz: Laughing My Mask Off!","",2021,"1 Season"
"s390","Movie","The Operative","France, Israel, Germany, United States, United Kingdom",2019,"117 min"
"s391","TV Show","The Walking Dead","United States",2019,"10 Seasons"
"s392","TV Show","Wynonna Earp","Canada, United States",2020,"4 Seasons"
"s393","Movie","Django Unchained","United States",2012,"165 min"
"s394","Movie","A Second Chance:  Rivals!","Australia",2021,"91 min"
"s395","Movie","African America","",2021,"97 min"
"s396","Movie","Bankrolled","",2021,"97 min"
"s397","Movie","Blood Red Sky","",2021,"123 min"
"s398","TV Show","Feels Like Ishq","",2021,"1 Season"
"s399","Movie","Kingdom: Ashin of the North","",2021,"94 min"
"s400","TV Show","Masters of the Universe: Revelation","",2021,"1 Season"
"s401","TV Show","Revelations: The Masters of the Universe: Revelation Aftershow","",2021,"1 Season"
"s402","TV Show","Sky Rojo","Spain",2021,"2 Seasons"
"s403","Movie","The Last Letter From Your Lover","United Kingdom",2021,"111 min"
"s404","TV Show","The Movies That Made Us","United States",2021,"2 Seasons"
"s405","Movie","9to5: The Story of a Movement","",2021,"85 min"
"s406","Movie","Chhota Bheem - Dinosaur World","",2015,"65 min"
"s407","Movie","Chhota Bheem - Neeli Pahaadi","",2013,"64 min"
"s408","Movie","Chhota Bheem & Ganesh","",2009,"68 min"
"s409","Movie","Chhota Bheem & Krishna: Mayanagari","",2011,"67 min"
"s410","Movie","Chhota Bheem & Krishna: Pataliputra- City of the Dead","",2010,"66 min"
"s411","Movie","Chhota Bheem And The Broken Amulet","India",2013,"64 min"
"s412","Movie","Chhota Bheem And The Crown of Valhalla","",2013,"64 min"
"s413","Movie","Chhota Bheem and the Incan Adventure","",2013,"65 min"
"s414","Movie","Chhota Bheem and The ShiNobi Secret","",2013,"64 min"
"s415","Movie","Chhota Bheem Aur Hanuman","",2012,"68 min"
"s416","Movie","Chhota Bheem aur Krishna","India",2009,"68 min"
"s417","Movie","Chhota Bheem aur Krishna vs Zimbara","",2013,"64 min"
"s418","Movie","Chhota Bheem in African Safari","",2015,"62 min"
"s419","Movie","Chhota Bheem Ka Roosi Romanch","",2019,"63 min"
"s420","Movie","Chhota Bheem: Bheem vs Aliens","",2010,"69 min"
"s421","Movie","Chhota Bheem: Dholakpur to Kathmandu","",2012,"70 min"
"s422","Movie","Chhota Bheem: Dus Pe Dus","",2014,"63 min"
"s423","Movie","Chhota Bheem: Journey to Petra","",2011,"68 min"
"s424","Movie","Chhota Bheem: Master of Shaolin","",2011,"74 min"
"s425","Movie","Chhota Bheem: The Rise of Kirmada","",2012,"68 min"
"s426","TV Show","Chicago Med","United States",2019,"5 Seasons"
"s427","Movie","Cousins","New Zealand",2021,"99 min"
"s428","Movie","Wannabe Courageous","",2019,"90 min"
"s429","Movie","Words Bubble Up Like Soda Pop","",2021,"87 min"
"s430","Movie","Sanitation Day","Nigeria",2020,"105 min"
"s431","TV Show","Sexy Beasts","",2021,"1 Season"
"s432","TV Show","Too Hot to Handle: Brazil","",2021,"1 Season"
"s433","Movie","Trollhunters: Rise of the Titans","",2021,"106 min"
"s434","Movie","Milkwater","United States",2020,"102 min"
"s435","TV Show","Okupas","Argentina",2020,"1 Season"
"s436","TV Show","Touch Your Heart","",2019,"1 Season"
"s437","Movie","The Tambour of Retribution","Saudi Arabia",2021,"91 min"
"s438","Movie","Cosmic Sin","United States",2021,"88 min"
"s439","Movie","2 Weeks in Lagos","",2020,"107 min"
"s440","Movie","Deep","Thailand",2021,"101 min"
"s441","TV Show","Explained","United States",2021,"3 Seasons"
"s442","Movie","Fear Street Part 3: 1666","",2021,"114 min"
"s443","TV Show","Johnny Test","United States, Canada",2021,"1 Season"
"s444","Movie","La ley de Herodes","",1999,"123 min"
"s445","TV Show","Naomi Osaka","",2021,"1 Season"
"s446","Movie","The Beguiled","United States",2017,"94 min"
"s447","Movie","The Book of Henry","United States",2017,"105 min"
"s448","Movie","The Twilight Saga: Breaking Dawn: Part 1","United States",2011,"117 min"
"s449","Movie","The Twilight Saga: Breaking Dawn: Part 2","United States",2012,"115 min"
"s450","Movie","The Twilight Saga: Eclipse","United States",2010,"124 min"
"s451","Movie","The Twilight Saga: New Moon","United States",2009,"131 min"
"s452","Movie","Twilight","United States",2008,"122 min"
"s453","Movie","A Perfect Fit","Indonesia",2021,"113 min"
"s454","TV Show","BEASTARS","Japan",2021,"2 Seasons"
"s455","Movie","Cheech & Chong's Still Smokin","",1983,"91 min"
"s456","Movie","Emicida: AmarElo - Live in São Paulo","",2021,"100 min"
"s457","TV Show","Her Private Life","South Korea",2019,"1 Season"
"s458","Movie","Lift Like a Girl","Egypt, Denmark, Germany",2021,"93 min"
"s459","Movie","My Amanda","",2021,"90 min"
"s460","TV Show","Never Have I Ever","United States",2021,"2 Seasons"
"s461","Movie","Surf's Up","United States, Canada",2007,"86 min"
"s462","Movie","The Unknown Saint","",2019,"100 min"
"s463","Movie","This Changes Everything","United States",2019,"96 min"
"s464","Movie","A Classic Horror Story","Italy",2021,"95 min"
"s465","Movie","Gunpowder Milkshake","",2021,"115 min"
"s466","TV Show","Heist","",2021,"1 Season"
"s467","TV Show","My Unorthodox Life","",2021,"1 Season"
"s468","Movie","Private Network: Who Killed Manuel Buendía?","",2021,"100 min"
"s469","Movie","The Guide to the Perfect Family","",2021,"102 min"
"s470","Movie","American Woman","United States, Canada",2019,"87 min"
"s471","Movie","Bridgerton - The Afterparty","",2021,"39 min"
"s472","Movie","Day of Destiny","",2021,"110 min"
"s473","TV Show","Ridley Jones","United States",2021,"1 Season"
"s474","Movie","Born to Play","United States",2020,"93 min"
"s475","Movie","American Ultra","United States, Switzerland",2015,"96 min"
"s476","Movie","The Stand-Up","",2019,"93 min"
"s477","Movie","The Tour","",2016,"93 min"
"s478","TV Show","Atypical","United States",2021,"4 Seasons"
"s479","TV Show","Biohackers","Germany",2021,"2 Seasons"
"s480","Movie","Fear Street Part 2: 1978","",2021,"111 min"
"s481","Movie","Finding Hubby","",2020,"105 min"
"s482","Movie","How I Became a Superhero","",2021,"101 min"
"s483","TV Show","How to Become a Tyrant","",2021,"1 Season"
"s484","Movie","Last Summer","",2021,"102 min"
"s485","Movie","Lee Su-geun: The Sense Coach","",2021,"46 min"
"s486","Movie","Lethal Love","",2021,"89 min"
"s487","Movie","Ratchet and Clank","Hong Kong, Canada, United States",2016,"94 min"
"s488","TV Show","The Cook of Castamar","",2021,"1 Season"
"s489","TV Show","Virgin River","United States",2021,"3 Seasons"
"s490","Movie","Back to Q82","Kuwait, United States",2017,"104 min"
"s491","TV Show","Elize Matsunaga: Once Upon a Crime","",2021,"1 Season"
"s492","Movie","Home Again","United States",2017,"97 min"
"s493","Movie","Midnight Sun","United States",2018,"91 min"
"s494","TV Show","RESIDENT EVIL: Infinite Darkness","United States, Japan",2021,"1 Season"
"s495","Movie","Rock the Kasbah","United States",2015,"106 min"
"s496","Movie","Awon Boyz","",2019,"38 min"
"s497","Movie","Brick Mansions","France, Canada, United States, Spain",2014,"90 min"
"s498","TV Show","Cat People","",2021,"1 Season"
"s499","Movie","Clash","",2020,"87 min"
"s500","TV Show","Dogs","United States",2021,"2 Seasons"
"s501","Movie","Major Grom: Plague Doctor","",2021,"138 min"
"s502","Movie","Mama Drama","",2020,"105 min"
"s503","Movie","Tango With Me","Nigeria",2010,"104 min"
"s504","TV Show","The Mire","Poland",2021,"2 Seasons"
"s505","TV Show","The War Next-door","",2021,"1 Season"
"s506","Movie","Therapy","",2020,"85 min"
"s507","Movie","This Little Love Of Mine","Australia",2021,"92 min"
"s508","Movie","Three Thieves","",2019,"108 min"
"s509","Movie","A Land Imagined","France, Netherlands, Singapore",2019,"95 min"
"s510","TV Show","Ask the StoryBots","United States",2019,"3 Seasons"
"s511","TV Show","Between","Canada",2016,"2 Seasons"
"s512","TV Show","Chelsea","United States",2017,"2 Seasons"
"s513","TV Show","Code Lyoko","France, Belgium",2007,"4 Seasons"
"s514","TV Show","Colony","United States",2018,"3 Seasons"
"s515","TV Show","Cuckoo","United Kingdom",2019,"5 Seasons"
"s516","TV Show","Derry Girls","United Kingdom",2019,"2 Seasons"
"s517","TV Show","Girl from Nowhere","Thailand",2021,"2 Seasons"
"s518","TV Show","Good Morning Call","Japan",2017,"2 Seasons"
"s519","Movie","Har Kisse Ke Hisse: Kaamyaab","India",2020,"105 min"
"s520","TV Show","I AM A KILLER","United Kingdom",2020,"2 Seasons"
"s521","TV Show","I Think You Should Leave with Tim Robinson","United States",2021,"2 Seasons"
"s522","TV Show","Kim's Convenience","Canada",2021,"5 Seasons"
"s523","TV Show","Larva","Russia",2015,"3 Seasons"
"s524","TV Show","Marcella","United Kingdom",2019,"3 Seasons"
"s525","TV Show","Midnight Diner: Tokyo Stories","Japan",2019,"2 Seasons"
"s526","TV Show","My Little Pony: Friendship Is Magic","United States, Canada",2018,"8 Seasons"
"s527","TV Show","Orange Is the New Black","United States",2019,"7 Seasons"
"s528","TV Show","Puffin Rock","Ireland, United States, United Kingdom",2016,"2 Seasons"
"s529","Movie","Rehmataan","India",2012,"116 min"
"s530","Movie","Return of the Prodigal Son","Egypt",1976,"124 min"
"s531","TV Show","Richie Rich","United States",2015,"2 Seasons"
"s532","Movie","Rise: Ini Kalilah","Malaysia",2018,"101 min"
"s533","TV Show","Scream","United States",2019,"3 Seasons"
"s534","TV Show","Shtisel","Israel",2021,"3 Seasons"
"s535","Movie","Si Doel the Movie 2","Indonesia",2019,"95 min"
"s536","TV Show","Some Assembly Required","Canada",2015,"2 Seasons"
"s537","TV Show","Tales by Light","Australia",2018,"3 Seasons"
"s538","TV Show","Terrace House: Opening New Doors","Japan",2018,"6 Seasons"
"s539","TV Show","The A List","United Kingdom",2021,"2 Seasons"
"s540","TV Show","The New Legends of Monkey","Australia, New Zealand",2020,"2 Seasons"
"s541","TV Show","The Worst Witch","United Kingdom, Germany",2020,"4 Seasons"
"s542","Movie","Truckbhar Swapna","India",2018,"128 min"
"s543","Movie","Ujala","India",1959,"143 min"
"s544","TV Show","Undercover","Belgium, Netherlands",2020,"2 Seasons"
"s545","TV Show","Workin' Moms","Canada",2021,"5 Seasons"
"s546","TV Show","YooHoo to the Rescue","South Korea",2020,"3 Seasons"
"s547","TV Show","You Are My Spring","",2021,"1 Season"
"s548","TV Show","We the People","United States",2021,"1 Season"
"s549","TV Show","Grey's Anatomy","United States",2020,"17 Seasons"
"s550","TV Show","Big Timber","",2020,"1 Season"
"s551","Movie","Fear Street Part 1: 1994","",2021,"107 min"
"s552","Movie","Haseen Dillruba","India",2021,"136 min"
"s553","Movie","Holiday on Mars","",2020,"94 min"
"s554","TV Show","Mortel","France",2019,"2 Seasons"
"s555","Movie","RattleSnake - The Ahanna Story","Nigeria",2020,"136 min"
"s556","Movie","Snowpiercer","South Korea, Czech Republic",2013,"126 min"
"s557","Movie","The 8th Night","South Korea",2021,"116 min"
"s558","Movie","Winchester","Australia, United States",2018,"100 min"
"s559","Movie","6 Bullets","United States",2012,"115 min"
"s560","Movie","Air Force One","United States, Germany",1997,"125 min"
"s561","Movie","Audible","",2021,"39 min"
"s562","Movie","Austin Powers in Goldmember","United States",2002,"94 min"
"s563","Movie","Austin Powers: International Man of Mystery","United States",1997,"90 min"
"s564","Movie","Austin Powers: The Spy Who Shagged Me","United States",1999,"95 min"
"s565","Movie","Boogie Nights","United States",1997,"155 min"
"s566","TV Show","Bureau of Magical Things","Australia, Germany",2020,"1 Season"
"s567","Movie","Charlie's Angels","United States, Germany",2000,"98 min"
"s568","Movie","Congo","United States",1995,"108 min"
"s569","Movie","Dennis the Menace","United States",1993,"96 min"
"s570","Movie","Dreamy Eyes","Vietnam",2019,"117 min"
"s571","Movie","Dynasty Warriors","",2021,"118 min"
"s572","TV Show","Generation 56k","",2021,"1 Season"
"s573","Movie","Hampstead","United Kingdom, Belgium",2019,"103 min"
"s574","Movie","Kung Fu Panda","United States, China",2008,"94 min"
"s575","Movie","Kung Fu Panda 2","United States, China",2011,"93 min"
"s576","Movie","Life as We Know It","United States",2010,"115 min"
"s577","Movie","Mary Magdalene","United Kingdom, Australia, United States",2019,"120 min"
"s578","TV Show","Masameer County","",2021,"1 Season"
"s579","Movie","Memoirs of a Geisha","France, Japan, United States",2005,"145 min"
"s580","Movie","Midnight Run","United States",1988,"126 min"
"s581","Movie","Mobile Suit Gundam Hathaway","",2021,"96 min"
"s582","Movie","Mortal Kombat","United States",1995,"101 min"
"s583","Movie","Mother's Day","United States",2016,"118 min"
"s584","Movie","No Strings Attached","United States, United Kingdom",2011,"109 min"
"s585","Movie","Not Another Teen Movie","United States",2001,"89 min"
"s586","Movie","Ophelia","United Kingdom, United States",2018,"106 min"
"s587","Movie","Pet Sematary 2","",1992,"101 min"
"s588","TV Show","Quarantine Tales","",2020,"1 Season"
"s589","TV Show","Rainbow Rangers","United States",2018,"1 Season"
"s590","Movie","Red Joan","United Kingdom",2019,"101 min"
"s591","TV Show","Sailor Moon Crystal","",2016,"3 Seasons"
"s592","Movie","Seven Pounds","United States",2008,"123 min"
"s593","Movie","She's Out of My League","United States",2010,"106 min"
"s594","Movie","Snow Day","United States",2000,"89 min"
"s595","Movie","Star Trek","United States, Germany",2009,"128 min"
"s596","Movie","Stuart Little","Germany, United States",1999,"85 min"
"s597","Movie","Sword of Trust","United States",2019,"89 min"
"s598","Movie","Talladega Nights: The Ballad of Ricky Bobby","United States",2006,"108 min"
"s599","Movie","The American","United States, United Kingdom",2010,"105 min"
"s600","Movie","The Best of Enemies","United States",2019,"133 min"
"s601","Movie","The Game","United States",1997,"129 min"
"s602","Movie","The Karate Kid","United States",1984,"127 min"
"s603","Movie","The Karate Kid Part II","United States",1986,"113 min"
"s604","Movie","The Karate Kid Part III","United States",1989,"112 min"
"s605","Movie","The Life of David Gale","United Kingdom, Germany, Spain, United States",2003,"130 min"
"s606","Movie","The Long Riders","United States",1980,"100 min"
"s607","Movie","The Queen","United Kingdom, United States, France, Italy",2006,"103 min"
"s608","Movie","The Strangers","United States",2008,"85 min"
"s609","Movie","The Sum of All Fears","United States, Germany, Canada",2002,"124 min"
"s610","Movie","The Tourist","United States, France, Italy, United Kingdom",2010,"103 min"
"s611","Movie","Underworld","United States, United Kingdom, Germany, Hungary",2003,"121 min"
"s612","Movie","Underworld: Awakening","United States, Canada",2012,"89 min"
"s613","Movie","Underworld: Rise of the Lycans","United States, New Zealand",2009,"92 min"
"s614","Movie","Voiceless","Nigeria",2020,"112 min"
"s615","Movie","What Dreams May Come","United States, New Zealand",1998,"114 min"
"s616","Movie","Why Do Fools Fall in Love","United States",1998,"116 min"
"s617","Movie","Working Title","",2019,"110 min"
"s618","TV Show","Young Royals","Sweden",2021,"1 Season"
"s619","Movie","America: The Motion Picture","United States",2021,"98 min"
"s620","Movie","Deranged","",2020,"98 min"
"s621","TV Show","Droppin' Cash: Los Angeles","United States",2019,"1 Season"
"s622","TV Show","Legend of Exorcism","",2020,"1 Season"
"s623","Movie","Lying and Stealing","United States",2019,"100 min"
"s624","Movie","Mommy Issues","",2021,"90 min"
"s625","Movie","Prime Time","",2021,"92 min"
"s626","TV Show","Somos.","Mexico",2021,"1 Season"
"s627","TV Show","Sophie: A Murder in West Cork","",2021,"1 Season"
"s628","TV Show","The Daily Life of the Immortal King","China",2020,"1 Season"
"s629","TV Show","StarBeam","United States",2021,"4 Seasons"
"s630","Movie","A Way Back Home","",2020,"82 min"
"s631","Movie","Killing Them Softly","United States",2012,"97 min"
"s632","TV Show","The Seven Deadly Sins","Japan",2021,"5 Seasons"
"s633","Movie","Wanted","",2019,"90 min"
"s634","Movie","Into the Wind","",2018,"76 min"
"s635","Movie","Wonder Boy","France",2019,"83 min"
"s636","Movie","Here Comes the Rain","Lebanon",2010,"101 min"
"s637","Movie","The Ice Road","United States, Canada",2021,"109 min"
"s638","TV Show","Ray","",2021,"1 Season"
"s639","TV Show","Sex/Life","United States",2021,"1 Season"
"s640","TV Show","Godzilla Singular Point","",2021,"1 Season"
"s641","TV Show","Jiva!","",2021,"1 Season"
"s642","Movie","Sisters on Track","",2021,"97 min"
"s643","TV Show","The Naked Director","Japan",2021,"2 Seasons"
"s644","Movie","The Seventh Day","United States",2021,"87 min"
"s645","Movie","Good on Paper","",2021,"94 min"
"s646","Movie","Murder by the Coast","",2021,"89 min"
"s647","Movie","The House of Flowers: The Movie","",2021,"88 min"
"s648","TV Show","The Parisian Agency: Exclusive Properties","",2021,"1 Season"
"s649","TV Show","Too Hot to Handle","United States",2021,"2 Seasons"
"s650","Movie","Broken","",2019,"108 min"
"s651","Movie","O Vendedor de Sonhos","Brazil",2016,"96 min"
"s652","Movie","Osuofia in London","Nigeria",2003,"84 min"
"s653","Movie","Osuofia in London II","",2004,"70 min"
"s654","TV Show","This Is Pop","",2021,"1 Season"
"s655","Movie","#Selfie","Romania",2014,"125 min"
"s656","Movie","#Selfie 69","Romania",2016,"119 min"
"s657","Movie","Love Is a Story","Romania",2015,"105 min"
"s658","TV Show","The Mole","United States",2001,"2 Seasons"
"s659","TV Show","Nevertheless,","",2021,"1 Season"
"s660","TV Show","Bangkok Love Stories: Innocence","Thailand",2018,"1 Season"
"s661","TV Show","Black Lightning","United States",2021,"4 Seasons"
"s662","TV Show","Call My Agent!","France",2018,"4 Seasons"
"s663","TV Show","Champions","United States",2018,"1 Season"
"s664","TV Show","Charité at War","",2019,"1 Season"
"s665","TV Show","Cleo & Cuquin","Spain",2020,"2 Seasons"
"s666","TV Show","Deadwind","Finland, Germany",2020,"2 Seasons"
"s667","TV Show","Gameboys Level-Up Edition","",2020,"1 Season"
"s668","TV Show","Glee","United States",2015,"6 Seasons"
"s669","TV Show","Hap and Leonard","United States",2018,"3 Seasons"
"s670","TV Show","Locked Up","Spain",2020,"5 Seasons"
"s671","Movie","Mobile Suit Gundam II: Soldiers of Sorrow","",1981,"133 min"
"s672","Movie","Mobile Suit Gundam III: Encounters in Space","",1982,"140 min"
"s673","Movie","Mobile Suit Gundam: Char's Counterattack","",1988,"120 min"
"s674","TV Show","No Time for Shame","Argentina",2019,"1 Season"
"s675","TV Show","Pose","United States",2019,"2 Seasons"
"s676","TV Show","REA(L)OVE","Japan",2018,"1 Season"
"s677","TV Show","Riverdale","United States",2019,"4 Seasons"
"s678","TV Show","Schitt's Creek","Canada, United States",2020,"6 Seasons"
"s679","TV Show","The Assassination of Gianni Versace","United States",2018,"1 Season"
"s680","TV Show","The Judgement","Thailand",2018,"1 Season"
"s681","TV Show","The Last Dance","United States",2020,"1 Season"
"s682","TV Show","They've Gotta Have Us","United Kingdom",2018,"1 Season"
"s683","TV Show","Why Are You Like This","Australia",2021,"1 Season"
"s684","Movie","A Family","",2021,"135 min"
"s685","TV Show","Elite","Spain",2021,"4 Seasons"
"s686","Movie","Fatherhood","United States",2021,"111 min"
"s687","TV Show","Hospital Playlist","South Korea",2021,"2 Seasons"
"s688","Movie","Jagame Thandhiram","",2021,"159 min"
"s689","Movie","Kambili: The Whole 30 Yards","Nigeria",2020,"119 min"
"s690","Movie","Mobile Suit Gundam I","",1981,"139 min"
"s691","Movie","Rurouni Kenshin: The Final","",2021,"137 min"
"s692","TV Show","So Not Worth It","",2021,"1 Season"
"s693","TV Show","The Rational Life","",2021,"1 Season"
"s694","Movie","Ali & Ratu Ratu Queens","",2021,"101 min"
"s695","Movie","Aziza","Lebanon, Syria",2019,"13 min"
"s696","Movie","Besieged Bread","",2015,"12 min"
"s697","TV Show","Black Summer","Canada, United States",2021,"2 Seasons"
"s698","TV Show","Elite Short Stories: Carla Samuel","",2021,"1 Season"
"s699","Movie","Fan Girl","Philippines",2020,"101 min"
"s700","TV Show","Katla","Iceland",2021,"1 Season"
"s701","TV Show","Record of Ragnarok","",2021,"1 Season"
"s702","Movie","Red Snow","Canada",2019,"96 min"
"s703","Movie","Silver Linings Playbook","United States",2012,"122 min"
"s704","TV Show","The Gift","Turkey",2021,"3 Seasons"
"s705","Movie","A Man For The Week End","",2018,"95 min"
"s706","Movie","Biking Borders","Germany",2019,"89 min"
"s707","TV Show","Elite Short Stories: Omar Ander Alexis","",2021,"1 Season"
"s708","TV Show","Let's Eat","",2021,"1 Season"
"s709","Movie","Lowriders","United States",2016,"98 min"
"s710","TV Show","Millennials","Argentina",2020,"3 Seasons"
"s711","TV Show","Penguin Town","",2021,"1 Season"
"s712","Movie","Security","Italy",2021,"119 min"
"s713","Movie","Silver Skates","",2020,"138 min"
"s714","TV Show","Avengers Climate Conundrum","United States",2020,"1 Season"
"s715","TV Show","Beyond Evil","",2021,"1 Season"
"s716","TV Show","Elite Short Stories: Nadia Guzmán","",2021,"1 Season"
"s717","Movie","FTA","United States",1972,"104 min"
"s718","Movie","Headspace: Unwind Your Mind","",2021,"273 min"
"s719","Movie","Life of Crime","United States",2013,"101 min"
"s720","TV Show","Power Rangers Dino Fury","United States",2021,"1 Season"
"s721","TV Show","Rhyme Time Town","",2021,"2 Seasons"
"s722","Movie","Rogue Warfare: Death of a Nation","United States",2020,"99 min"
"s723","Movie","Sir! No Sir!","United States",2005,"84 min"
"s724","TV Show","The American Bible Challenge","United States",2014,"1 Season"
"s725","Movie","The Reason I Jump","United States, United Kingdom",2021,"82 min"
"s726","TV Show","Elite Short Stories: Guzmán Caye Rebe","",2021,"1 Season"
"s727","TV Show","Metallica: Some Kind of Monster","United States",2014,"1 Season"
"s728","Movie","Picture a Scientist","United States",2020,"97 min"
"s729","Movie","The Devil Below","United States",2021,"89 min"
"s730","Movie","Bling Empire - The Afterparty","",2021,"36 min"
"s731","Movie","Cobra Kai - The Afterparty","",2021,"34 min"
"s732","TV Show","Love (ft. Marriage and Divorce)","South Korea",2021,"2 Seasons"
"s733","Movie","To All the Boys: Always and Forever - The Afterparty","",2021,"36 min"
"s734","TV Show","LEGO Friends: The Power of Friendship","Denmark",2016,"2 Seasons"
"s735","TV Show","Lupin","France, United States",2021,"2 Seasons"
"s736","Movie","Sarbath","India",2021,"113 min"
"s737","Movie","Skater Girl","United States, India",2021,"110 min"
"s738","TV Show","Trese","Philippines, Singapore, Indonesia",2021,"1 Season"
"s739","Movie","Trese After Dark","",2021,"36 min"
"s740","Movie","Wish Dragon","China, United States, Canada",2021,"102 min"
"s741","Movie","A Haunted House 2","United States",2014,"86 min"
"s742","Movie","Blind Intersections","Lebanon, United Arab Emirates",2012,"91 min"
"s743","Movie","Camellia Sisters","Vietnam",2021,"117 min"
"s744","Movie","Copenhagen","Canada, United States, Denmark",2014,"99 min"
"s745","TV Show","Locombianos","Colombia",2021,"1 Season"
"s746","Movie","Until Midnight","United Arab Emirates",2019,"77 min"
"s747","Movie","Awake","United States",2021,"97 min"
"s748","Movie","Confusion Na Wa","Nigeria",2013,"106 min"
"s749","TV Show","Fresh, Fried & Crispy","United States",2021,"1 Season"
"s750","TV Show","L.A.’s Finest","United States",2021,"2 Seasons"
"s751","Movie","Tragic Jungle","Mexico, France, Colombia",2021,"97 min"
"s752","TV Show","Guru Aur Bhole","",2018,"2 Seasons"
"s753","Movie","Vampire Academy","United States, United Kingdom",2014,"104 min"
"s754","TV Show","Newly Rich, Newly Poor","Colombia",2007,"1 Season"
"s755","Movie","A Private War","United Kingdom, United States",2018,"110 min"
"s756","Movie","Kitty Love: An Homage to Cats","Netherlands",2021,"61 min"
"s757","Movie","Small Chops","Nigeria",2020,"98 min"
"s758","Movie","Breaking Boundaries: The Science Of Our Planet","United States",2021,"74 min"
"s759","TV Show","Feel Good","United Kingdom",2021,"2 Seasons"
"s760","Movie","Fireplace 4K: Classic Crackling Fireplace from Fireplace for Your Home","",2015,"60 min"
"s761","Movie","Fireplace 4K: Crackling Birchwood from Fireplace for Your Home","",2015,"60 min"
"s762","TV Show","Human: The World Within","",2021,"1 Season"
"s763","Movie","Sweet & Sour","South Korea",2021,"103 min"
"s764","TV Show","Sweet Tooth","United States",2021,"1 Season"
"s765","Movie","Trippin' with the Kandasamys","South Africa",2021,"94 min"
"s766","Movie","Xtreme","Spain",2021,"112 min"
"s767","Movie","Alan Saldaña: Locked Up","Mexico",2021,"49 min"
"s768","TV Show","Creator's File: GOLD","Japan",2021,"1 Season"
"s769","Movie","Dancing Queens","Sweden",2021,"111 min"
"s770","Movie","From Stress to Happiness","Argentina",2020,"58 min"
"s771","Movie","Myriam Fares: The Journey","United Arab Emirates",2021,"72 min"
"s772","TV Show","Pretty Guardian Sailor Moon Eternal The Movie","",2021,"1 Season"
"s773","TV Show","Summertime","Italy",2021,"2 Seasons"
"s774","Movie","The Girl and the Gun","Philippines",2019,"78 min"
"s775","Movie","2 Hearts","United States",2020,"101 min"
"s776","Movie","A Perfect Ending","United States",2012,"110 min"
"s777","Movie","American Outlaws","United States",2001,"94 min"
"s778","Movie","And Then Came Lola","United States",2009,"70 min"
"s779","TV Show","Attack on Titan","Japan",2013,"1 Season"
"s780","Movie","Battlefield Earth","United States",2000,"118 min"
"s781","TV Show","Ben & Holly's Little Kingdom","United Kingdom",2019,"2 Seasons"
"s782","Movie","Black Holes | The Edge of All We Know","",2021,"99 min"
"s783","Movie","Bliss","Canada, United States",1997,"103 min"
"s784","Movie","Carnaval","Brazil",2021,"95 min"
"s785","Movie","Cloudburst","United States, Canada",2011,"93 min"
"s786","TV Show","Cocomelon","United States",2021,"3 Seasons"
"s787","Movie","Company of Heroes","United States",2013,"101 min"
"s788","Movie","Cradle 2 the Grave","United States",2003,"101 min"
"s789","Movie","Domestic Disturbance","United States",2001,"89 min"
"s790","TV Show","Downton Abbey","United Kingdom",2015,"6 Seasons"
